sno,title,text,label
1,Amazon Product,Absolutely love this product! It arrived on time and was exactly as described. The quality is amazing  and it works perfectly for what I need. I would definitely recommend this to anyone looking for something similar.,REAL
2,Amazon Product,This is one of the best purchases Ive ever made. It exceeded my expectations in every way  from the design to the functionality. The customer service was also outstanding  ensuring I was completely satisfied.,REAL
3,Amazon Product,Im so happy with this! It was packaged well  and the instructions were easy to follow. Its durable  reliable  and looks great. Ive used it for a few weeks now  and its still working perfectly.,REAL
4,Amazon Product,This product is fantastic! I was a bit skeptical at first  but after using it for a while  Im completely convinced. It does everything it claims to do and more. Worth every penny.,REAL
5,Amazon Product,Such a great find! The quality is top-notch  and it does exactly what its supposed to. Its sturdy and well-made  and the price was more than reasonable for what you get.,REAL
6,Amazon Product,I cant say enough good things about this product. Its been a game changer for me. I use it every day  and it has never let me down. If youre on the fence  go for it—you wont regret it!,REAL
7,Amazon Product,This has quickly become one of my favorite items. Its well designed  easy to use  and works flawlessly. The attention to detail is impressive  and Ive already recommended it to friends.,REAL
8,Amazon Product,Perfect! Exactly what I was looking for. It arrived quickly  was well packaged  and works like a dream. Ive had zero issues and couldnt be happier with my purchase.,REAL
9,Amazon Product,I wasnt expecting much given the price  but I was pleasantly surprised. The quality is far better than I anticipated  and its become a staple in my daily routine. Highly recommend!,REAL
10,Amazon Product,This product is amazing! It works just as described and is built to last. The materials used are of high quality  and it feels solid. Definitely worth the investment.,REAL
11,Amazon Product,Great product at a great price! Ive been using this for a few months now  and it has held up beautifully. It performs well  and I couldnt be more pleased with my purchase.,REAL
12,Amazon Product,I am beyond happy with this product. It is exactly what I needed  and it has made my life so much easier. Its reliable  efficient  and looks great too. I highly recommend it.,REAL
13,Amazon Product,This exceeded all of my expectations. The quality is excellent  and it works perfectly. Ive recommended it to several people already  and Ill continue to do so.,REAL
14,Amazon Product,Ive used this product for a while now  and Im thoroughly impressed. Its durable  easy to use  and does exactly what its supposed to. I will definitely buy from this brand again.,REAL
15,Amazon Product,I was hesitant to buy this  but Im so glad I did. It has exceeded my expectations in every way. The quality is amazing  and it works like a charm. Five stars!,REAL
16,Amazon Product,This product has been a lifesaver. It works exactly as described and is extremely easy to use. The quality is fantastic  and it feels very durable. Im so glad I purchased this!,REAL
17,Amazon Product,I couldnt be more satisfied with this product. It arrived on time  was well packaged  and works exactly as advertised. I use it every day  and it hasnt let me down yet.,REAL
18,Amazon Product,This is one of the best products Ive ever purchased. Its well-made  works perfectly  and looks great. Ive already recommended it to several friends  and they love it too.,REAL
19,Amazon Product,I love this product! Its exactly what I was looking for  and it works even better than I expected. Its high quality and has made my life so much easier.,REAL
20,Amazon Product,This product is absolutely fantastic. Its easy to use  durable  and works exactly as described. I couldnt be happier with my purchase  and I would highly recommend it to others.,REAL
21,Amazon Product,I am so impressed with this product. It works like a charm and has made my life much easier. The quality is top-notch  and its very easy to use. I would definitely buy it again.,REAL
22,Amazon Product,I bought this as a gift  and the recipient loved it. Its high quality and works perfectly. I would definitely recommend it to anyone looking for something similar.,REAL
23,Amazon Product,This product is incredible! Its everything I hoped for and more. The build quality is excellent  and it functions perfectly. I use it all the time and couldnt be happier.,REAL
24,Amazon Product,What a great product! Its well-made  easy to use  and works exactly as advertised. Ive been using it for a few months now  and its still going strong. Highly recommend!,REAL
25,Amazon Product,This is by far the best product Ive bought in a long time. Its durable  easy to use  and performs better than I expected. Im extremely satisfied with my purchase.,REAL
26,Amazon Product,I couldnt be happier with this product. Its well-made  works perfectly  and looks great. Its exactly what I needed  and I would highly recommend it to anyone.,REAL
27,Amazon Product,This product is amazing! It works perfectly and is exactly what I needed. The quality is outstanding  and its extremely easy to use. I will definitely be buying more.,REAL
28,Amazon Product,I absolutely love this product. It works flawlessly and is very well-made. The customer service was also excellent  and they made sure I was completely satisfied with my purchase.,REAL
29,Amazon Product,This product exceeded my expectations in every way. Its durable  reliable  and works perfectly. Ive already recommended it to several friends  and they love it too.,REAL
30,Amazon Product,Im so glad I bought this! It works exactly as described  and the quality is fantastic. Its easy to use and has made my life so much easier. Highly recommend!,REAL
31,Amazon Product,This is a fantastic product! Its well-made  easy to use  and works perfectly. Ive had zero issues with it and couldnt be happier with my purchase. Highly recommend!,REAL
32,Amazon Product,I am beyond happy with this product. Its exactly what I needed  and it works flawlessly. The quality is excellent  and its very easy to use. I would definitely recommend it.,REAL
33,Amazon Product,This product is fantastic! It works perfectly and is exactly what I was looking for. The quality is amazing  and its extremely easy to use. I will definitely be buying more.,REAL
34,Amazon Product,Im so impressed with this product. Its well-made  works perfectly  and is extremely easy to use. Its made my life so much easier  and I couldnt be happier with my purchase.,REAL
35,Amazon Product,This is one of the best products Ive ever bought. Its durable  reliable  and works exactly as described. Ive already recommended it to several people  and they love it too.,REAL
36,Amazon Product,I love this product! Its exactly what I was looking for  and it works even better than I expected. The quality is top-notch  and its made my life so much easier.,REAL
37,Amazon Product,This product is incredible! Its well-made  easy to use  and works flawlessly. I couldnt be happier with my purchase  and I would highly recommend it to anyone.,REAL
38,Amazon Product,Im extremely satisfied with this product. It works perfectly and is exactly what I needed. The quality is excellent  and its very easy to use. I would definitely recommend it.,REAL
39,Amazon Product,This is a fantastic product! Its durable  reliable  and works exactly as advertised. Ive had zero issues with it and couldnt be happier with my purchase. Highly recommend!,REAL
40,Amazon Product,This product exceeded my expectations in every way. Its well-made  easy to use  and works perfectly. Ive already recommended it to several friends  and they love it too.,REAL
41,Amazon Product,This is one of the best products Ive ever purchased. Its high quality  works perfectly  and looks great. Im extremely satisfied and would highly recommend it to anyone.,REAL
42,Amazon Product,Im so happy with this product. Its well-made  works exactly as described  and is very easy to use. Its made my life so much easier  and I couldnt be more pleased.,REAL
43,Amazon Product,This product is amazing! Its exactly what I needed  and it works perfectly. The quality is outstanding  and its very easy to use. I will definitely be buying more.,REAL
44,Amazon Product,Im thoroughly impressed with this product. It works flawlessly and is very well-made. The customer service was also excellent  and they made sure I was completely satisfied.,REAL
45,Amazon Product,This product is fantastic! Its durable  reliable  and works exactly as advertised. Ive had zero issues with it  and I couldnt be happier with my purchase. Highly recommend!,REAL
46,Amazon Product,This product exceeded my expectations in every way. Its well-made  easy to use  and works perfectly. Ive already recommended it to several friends  and they love it too.,REAL
47,Amazon Product,This is one of the best products Ive ever purchased. Its durable  reliable  and works exactly as described. Im extremely satisfied and would highly recommend it to anyone.,REAL
48,Amazon Product,Im so happy with this product. Its exactly what I needed  and it works perfectly. The quality is outstanding  and its very easy to use. I couldnt be more pleased.,REAL
49,Amazon Product,This product is amazing! Its well-made  easy to use  and works flawlessly. Im thoroughly impressed and would highly recommend it to anyone looking for something similar.,REAL
50,Amazon Product,Im extremely satisfied with this product. It works exactly as described  and the quality is fantastic. Its easy to use and has made my life so much easier. Highly recommend!,FAKE
51,Amazon Product,Absolutely love this product! It arrived on time and was exactly as described. The quality is amazing  and it works perfectly for what I need. I would definitely recommend this to anyone looking for something similar.,FAKE
52,Amazon Product,This is one of the best purchases Ive ever made. It exceeded my expectations in every way  from the design to the functionality. The customer service was also outstanding  ensuring I was completely satisfied.,FAKE
53,Amazon Product,Im so happy with this! It was packaged well  and the instructions were easy to follow. Its durable  reliable  and looks great. Ive used it for a few weeks now  and its still working perfectly.,FAKE
54,Amazon Product,This product is fantastic! I was a bit skeptical at first  but after using it for a while  Im completely convinced. It does everything it claims to do and more. Worth every penny.,FAKE
55,Amazon Product,Such a great find! The quality is top-notch  and it does exactly what its supposed to. Its sturdy and well-made  and the price was more than reasonable for what you get.,FAKE
56,Amazon Product,I cant say enough good things about this product. Its been a game changer for me. I use it every day  and it has never let me down. If youre on the fence  go for it—you wont regret it!,FAKE
57,Amazon Product,This has quickly become one of my favorite items. Its well designed  easy to use  and works flawlessly. The attention to detail is impressive  and Ive already recommended it to friends.,FAKE
58,Amazon Product,Perfect! Exactly what I was looking for. It arrived quickly  was well packaged  and works like a dream. Ive had zero issues and couldnt be happier with my purchase.,FAKE
59,Amazon Product,I wasnt expecting much given the price  but I was pleasantly surprised. The quality is far better than I anticipated  and its become a staple in my daily routine. Highly recommend!,FAKE
60,Amazon Product,This product is amazing! It works just as described and is built to last. The materials used are of high quality  and it feels solid. Definitely worth the investment.,FAKE
61,Amazon Product,Great product at a great price! Ive been using this for a few months now  and it has held up beautifully. It performs well  and I couldnt be more pleased with my purchase.,FAKE
62,Amazon Product,I am beyond happy with this product. It is exactly what I needed  and it has made my life so much easier. Its reliable  efficient  and looks great too. I highly recommend it.,FAKE
63,Amazon Product,This exceeded all of my expectations. The quality is excellent  and it works perfectly. Ive recommended it to several people already  and Ill continue to do so.,FAKE
64,Amazon Product,Ive used this product for a while now  and Im thoroughly impressed. Its durable  easy to use  and does exactly what its supposed to. I will definitely buy from this brand again.,FAKE
65,Amazon Product,I was hesitant to buy this  but Im so glad I did. It has exceeded my expectations in every way. The quality is amazing  and it works like a charm. Five stars!,FAKE
66,Amazon Product,This product has been a lifesaver. It works exactly as described and is extremely easy to use. The quality is fantastic  and it feels very durable. Im so glad I purchased this!,FAKE
67,Amazon Product,I couldnt be more satisfied with this product. It arrived on time  was well packaged  and works exactly as advertised. I use it every day  and it hasnt let me down yet.,FAKE
68,Amazon Product,This is one of the best products Ive ever purchased. Its well-made  works perfectly  and looks great. Ive already recommended it to several friends  and they love it too.,FAKE
69,Amazon Product,I love this product! Its exactly what I was looking for  and it works even better than I expected. Its high quality and has made my life so much easier.,FAKE
70,Amazon Product,This product is absolutely fantastic. Its easy to use  durable  and works exactly as described. I couldnt be happier with my purchase  and I would highly recommend it to others.,FAKE
71,Amazon Product,I am so impressed with this product. It works like a charm and has made my life much easier. The quality is top-notch  and its very easy to use. I would definitely buy it again.,FAKE
72,Amazon Product,I bought this as a gift  and the recipient loved it. Its high quality and works perfectly. I would definitely recommend it to anyone looking for something similar.,FAKE
73,Amazon Product,This product is incredible! Its everything I hoped for and more. The build quality is excellent  and it functions perfectly. I use it all the time and couldnt be happier.,FAKE
74,Amazon Product,What a great product! Its well-made  easy to use  and works exactly as advertised. Ive been using it for a few months now  and its still going strong. Highly recommend!,FAKE
75,Amazon Product,This is by far the best product Ive bought in a long time. Its durable  easy to use  and performs better than I expected. Im extremely satisfied with my purchase.,FAKE
76,Amazon Product,I couldnt be happier with this product. Its well-made  works perfectly  and looks great. Its exactly what I needed  and I would highly recommend it to anyone.,FAKE
77,Amazon Product,This product is amazing! It works perfectly and is exactly what I needed. The quality is outstanding  and its extremely easy to use. I will definitely be buying more.,FAKE
78,Amazon Product,I absolutely love this product. It works flawlessly and is very well-made. The customer service was also excellent  and they made sure I was completely satisfied with my purchase.,FAKE
79,Amazon Product,This product exceeded my expectations in every way. Its durable  reliable  and works perfectly. Ive already recommended it to several friends  and they love it too.,FAKE
80,Amazon Product,Im so glad I bought this! It works exactly as described  and the quality is fantastic. Its easy to use and has made my life so much easier. Highly recommend!,FAKE
